territory,accountNumber
Northwest (United States),AW00000001
Northwest (United States),AW00000002
Southwest (United States),AW00000003
Southwest (United States),AW00000004
Southwest (United States),AW00000005
Southwest (United States),AW00000006
Northwest (United States),AW00000007
Southeast (United States),AW00000008
Southeast (United States),AW00000009
Canada (Canada),AW00000010
Canada (Canada),AW00000011
Canada (Canada),AW00000012
France (France),AW00000013
Germany (Germany),AW00000014
Australia (Australia),AW00000015
United Kingdom (United Kingdom),AW00000016
Southeast (United States),AW00000017
Central (United States),AW00000018
Northwest (United States),AW00000019
Northwest (United States),AW00000020
Southwest (United States),AW00000021
Central (United States),AW00000022
Southwest (United States),AW00000023
Southwest (United States),AW00000024
Southwest (United States),AW00000025
Southeast (United States),AW00000026
Southeast (United States),AW00000027
Canada (Canada),AW00000028
Canada (Canada),AW00000029
Canada (Canada),AW00000030
France (France),AW00000031
Germany (Germany),AW00000032
Australia (Australia),AW00000033
United Kingdom (United Kingdom),AW00000034
Northeast (United States),AW00000035
Northeast (United States),AW00000036
Northwest (United States),AW00000037
Northwest (United States),AW00000038
Central (United States),AW00000039
Southwest (United States),AW00000040
Southwest (United States),AW00000041
Southwest (United States),AW00000042
Northwest (United States),AW00000043
Southeast (United States),AW00000044
Southeast (United States),AW00000045
Canada (Canada),AW00000046
Canada (Canada),AW00000047
Canada (Canada),AW00000048
France (France),AW00000049
Germany (Germany),AW00000050
Australia (Australia),AW00000051
United Kingdom (United Kingdom),AW00000052
Northeast (United States),AW00000053
Northeast (United States),AW00000054
Northwest (United States),AW00000055
Northwest (United States),AW00000056
Central (United States),AW00000057
Central (United States),AW00000058
Southwest (United States),AW00000059
Southwest (United States),AW00000060
Southwest (United States),AW00000061
Southeast (United States),AW00000062
Southeast (United States),AW00000063
Canada (Canada),AW00000064
Canada (Canada),AW00000065
Canada (Canada),AW00000066
France (France),AW00000067
Germany (Germany),AW00000068
Australia (Australia),AW00000069
United Kingdom (United Kingdom),AW00000070
Northeast (United States),AW00000071
Northeast (United States),AW00000072
Northwest (United States),AW00000073
Northwest (United States),AW00000074
Southwest (United States),AW00000075
Central (United States),AW00000076
Southwest (United States),AW00000077
Southwest (United States),AW00000078
Central (United States),AW00000079
Southeast (United States),AW00000080
Southeast (United States),AW00000081
Canada (Canada),AW00000082
Canada (Canada),AW00000083
Canada (Canada),AW00000084
France (France),AW00000085
Germany (Germany),AW00000086
Australia (Australia),AW00000087
United Kingdom (United Kingdom),AW00000088
Northeast (United States),AW00000089
Southeast (United States),AW00000090
Northwest (United States),AW00000091
Northwest (United States),AW00000092
Southwest (United States),AW00000093
Southwest (United States),AW00000094
Southwest (United States),AW00000095
Southwest (United States),AW00000096
Southwest (United States),AW00000097
Southeast (United States),AW00000098
Southeast (United States),AW00000099
Canada (Canada),AW00000100
Canada (Canada),AW00000101
Canada (Canada),AW00000102
France (France),AW00000103
Germany (Germany),AW00000104
Australia (Australia),AW00000105
United Kingdom (United Kingdom),AW00000106
Northeast (United States),AW00000107
Northeast (United States),AW00000108
Northwest (United States),AW00000109
Northwest (United States),AW00000110
Central (United States),AW00000111
Southwest (United States),AW00000112
Southwest (United States),AW00000113
Southwest (United States),AW00000114
Northwest (United States),AW00000115
Southeast (United States),AW00000116
Southeast (United States),AW00000117
Canada (Canada),AW00000118
Canada (Canada),AW00000119
Canada (Canada),AW00000120
France (France),AW00000121
Germany (Germany),AW00000122
Australia (Australia),AW00000123
United Kingdom (United Kingdom),AW00000124
Northeast (United States),AW00000125
Northeast (United States),AW00000126
Northwest (United States),AW00000127
Northwest (United States),AW00000128
Central (United States),AW00000129
Southwest (United States),AW00000130
Southwest (United States),AW00000131
Central (United States),AW00000132
Southwest (United States),AW00000133
Southeast (United States),AW00000134
Southeast (United States),AW00000135
Canada (Canada),AW00000136
Canada (Canada),AW00000137
Canada (Canada),AW00000138
France (France),AW00000139
Germany (Germany),AW00000140
Australia (Australia),AW00000141
United Kingdom (United Kingdom),AW00000142
Northeast (United States),AW00000143
Northeast (United States),AW00000144
Northwest (United States),AW00000145
Northwest (United States),AW00000146
Central (United States),AW00000147
Central (United States),AW00000148
Central (United States),AW00000149
Southwest (United States),AW00000150
Southwest (United States),AW00000151
Southeast (United States),AW00000152
Southeast (United States),AW00000153
Canada (Canada),AW00000154
Canada (Canada),AW00000155
Canada (Canada),AW00000156
France (France),AW00000157
Germany (Germany),AW00000158
Australia (Australia),AW00000159
United Kingdom (United Kingdom),AW00000160
Northeast (United States),AW00000161
Northeast (United States),AW00000162
Northwest (United States),AW00000163
Northwest (United States),AW00000164
Southwest (United States),AW00000165
Southwest (United States),AW00000166
Southwest (United States),AW00000167
Southwest (United States),AW00000168
Northwest (United States),AW00000169
Southeast (United States),AW00000170
Southeast (United States),AW00000171
Canada (Canada),AW00000172
Canada (Canada),AW00000173
Canada (Canada),AW00000174
France (France),AW00000175
Germany (Germany),AW00000176
Australia (Australia),AW00000177
United Kingdom (United Kingdom),AW00000178
Northeast (United States),AW00000179
Central (United States),AW00000180
Northwest (United States),AW00000181
Northwest (United States),AW00000182
Central (United States),AW00000183
Southwest (United States),AW00000184
Southwest (United States),AW00000185
Southwest (United States),AW00000186
Southwest (United States),AW00000187
Southeast (United States),AW00000188
Southeast (United States),AW00000189
Canada (Canada),AW00000190
Canada (Canada),AW00000191
Canada (Canada),AW00000192
France (France),AW00000193
Germany (Germany),AW00000194
Australia (Australia),AW00000195
United Kingdom (United Kingdom),AW00000196
Central (United States),AW00000197
Central (United States),AW00000198
Northwest (United States),AW00000199
Northwest (United States),AW00000200
Southwest (United States),AW00000201
Southwest (United States),AW00000202
Southwest (United States),AW00000203
Southwest (United States),AW00000204
Southwest (United States),AW00000205
Southeast (United States),AW00000206
Southeast (United States),AW00000207
Canada (Canada),AW00000208
Canada (Canada),AW00000209
Canada (Canada),AW00000210
France (France),AW00000211
Germany (Germany),AW00000212
Australia (Australia),AW00000213
United Kingdom (United Kingdom),AW00000214
Northeast (United States),AW00000215
Northeast (United States),AW00000216
Northwest (United States),AW00000217
Northwest (United States),AW00000218
Central (United States),AW00000219
Central (United States),AW00000220
Southwest (United States),AW00000221
Central (United States),AW00000222
Central (United States),AW00000223
Southeast (United States),AW00000224
Southeast (United States),AW00000225
Canada (Canada),AW00000226
Canada (Canada),AW00000227
Canada (Canada),AW00000228
France (France),AW00000229
Germany (Germany),AW00000230
Australia (Australia),AW00000231
United Kingdom (United Kingdom),AW00000232
Northeast (United States),AW00000233
Northeast (United States),AW00000234
Northwest (United States),AW00000235
Northwest (United States),AW00000236
Central (United States),AW00000237
Central (United States),AW00000238
Southwest (United States),AW00000239
Southwest (United States),AW00000240
Southwest (United States),AW00000241
Southeast (United States),AW00000242
Southeast (United States),AW00000243
Canada (Canada),AW00000244
Canada (Canada),AW00000245
Canada (Canada),AW00000246
France (France),AW00000247
Germany (Germany),AW00000248
Australia (Australia),AW00000249
United Kingdom (United Kingdom),AW00000250
Northeast (United States),AW00000251
Northeast (United States),AW00000252
Northwest (United States),AW00000253
Northwest (United States),AW00000254
Southwest (United States),AW00000255
Southwest (United States),AW00000256
Southwest (United States),AW00000257
Southwest (United States),AW00000258
Southwest (United States),AW00000259
Southeast (United States),AW00000260
Southeast (United States),AW00000261
Canada (Canada),AW00000262
Canada (Canada),AW00000263
Canada (Canada),AW00000264
France (France),AW00000265
Germany (Germany),AW00000266
Australia (Australia),AW00000267
United Kingdom (United Kingdom),AW00000268
Northeast (United States),AW00000269
Northeast (United States),AW00000270
Northwest (United States),AW00000271
Northwest (United States),AW00000272
Southwest (United States),AW00000273
Central (United States),AW00000274
Southwest (United States),AW00000275
Southwest (United States),AW00000276
Southwest (United States),AW00000277
Southeast (United States),AW00000278
Southeast (United States),AW00000279
Canada (Canada),AW00000280
Canada (Canada),AW00000281
Canada (Canada),AW00000282
France (France),AW00000283
Germany (Germany),AW00000284
Australia (Australia),AW00000285
United Kingdom (United Kingdom),AW00000286
Central (United States),AW00000287
Central (United States),AW00000288
Northwest (United States),AW00000289
Northwest (United States),AW00000290
Southwest (United States),AW00000291
Southwest (United States),AW00000292
Northwest (United States),AW00000293
Southwest (United States),AW00000294
Southwest (United States),AW00000295
Southeast (United States),AW00000296
Southeast (United States),AW00000297
Canada (Canada),AW00000298
Canada (Canada),AW00000299
Canada (Canada),AW00000300
France (France),AW00000301
Germany (Germany),AW00000302
Australia (Australia),AW00000303
United Kingdom (United Kingdom),AW00000304
Northeast (United States),AW00000305
Central (United States),AW00000306
Northwest (United States),AW00000307
Northwest (United States),AW00000308
Southwest (United States),AW00000309
Central (United States),AW00000310
Southwest (United States),AW00000311
Southwest (United States),AW00000312
Southwest (United States),AW00000313
Southeast (United States),AW00000314
Southeast (United States),AW00000315
Canada (Canada),AW00000316
Canada (Canada),AW00000317
Canada (Canada),AW00000318
France (France),AW00000319
Germany (Germany),AW00000320
Australia (Australia),AW00000321
United Kingdom (United Kingdom),AW00000322
Central (United States),AW00000323
Northeast (United States),AW00000324
Northwest (United States),AW00000325
Northwest (United States),AW00000326
Central (United States),AW00000327
Southwest (United States),AW00000328
Southwest (United States),AW00000329
Southwest (United States),AW00000330
Southwest (United States),AW00000331
Southeast (United States),AW00000332
Southeast (United States),AW00000333
Canada (Canada),AW00000334
Canada (Canada),AW00000335
Canada (Canada),AW00000336
France (France),AW00000337
Germany (Germany),AW00000338
Australia (Australia),AW00000339
United Kingdom (United Kingdom),AW00000340
Northeast (United States),AW00000341
Northeast (United States),AW00000342
Northwest (United States),AW00000343
Northwest (United States),AW00000344
Southwest (United States),AW00000345
Central (United States),AW00000346
Southwest (United States),AW00000347
Central (United States),AW00000348
Southwest (United States),AW00000349
Southeast (United States),AW00000350
Southeast (United States),AW00000351
Canada (Canada),AW00000352
Canada (Canada),AW00000353
Canada (Canada),AW00000354
France (France),AW00000355
Germany (Germany),AW00000356
Australia (Australia),AW00000357
United Kingdom (United Kingdom),AW00000358
Northeast (United States),AW00000359
Central (United States),AW00000360
Northwest (United States),AW00000361
Northwest (United States),AW00000362
Central (United States),AW00000363
Central (United States),AW00000364
Southwest (United States),AW00000365
Southwest (United States),AW00000366
Southwest (United States),AW00000367
Southeast (United States),AW00000368
Southeast (United States),AW00000369
Canada (Canada),AW00000370
Canada (Canada),AW00000371
Canada (Canada),AW00000372
France (France),AW00000373
Germany (Germany),AW00000374
Australia (Australia),AW00000375
United Kingdom (United Kingdom),AW00000376
Central (United States),AW00000377
Northeast (United States),AW00000378
Northwest (United States),AW00000379
Northwest (United States),AW00000380
Central (United States),AW00000381
Southwest (United States),AW00000382
Southwest (United States),AW00000383
Southwest (United States),AW00000384
Southwest (United States),AW00000385
Southeast (United States),AW00000386
Southeast (United States),AW00000387
Canada (Canada),AW00000388
Canada (Canada),AW00000389
Canada (Canada),AW00000390
France (France),AW00000391
Germany (Germany),AW00000392
Australia (Australia),AW00000393
United Kingdom (United Kingdom),AW00000394
Central (United States),AW00000395
Northeast (United States),AW00000396
Northwest (United States),AW00000397
Northwest (United States),AW00000398
Southwest (United States),AW00000399
Central (United States),AW00000400
Northwest (United States),AW00000401
Southwest (United States),AW00000402
Southwest (United States),AW00000403
Southeast (United States),AW00000404
Southeast (United States),AW00000405
Canada (Canada),AW00000406
Canada (Canada),AW00000407
Canada (Canada),AW00000408
France (France),AW00000409
Germany (Germany),AW00000410
Australia (Australia),AW00000411
United Kingdom (United Kingdom),AW00000412
Northeast (United States),AW00000413
Northeast (United States),AW00000414
Northwest (United States),AW00000415
Northwest (United States),AW00000416
Southwest (United States),AW00000417
Central (United States),AW00000418
Southwest (United States),AW00000419
Southwest (United States),AW00000420
Southwest (United States),AW00000421
Southeast (United States),AW00000422
Southeast (United States),AW00000423
Canada (Canada),AW00000424
Canada (Canada),AW00000425
Canada (Canada),AW00000426
France (France),AW00000427
Germany (Germany),AW00000428
Australia (Australia),AW00000429
United Kingdom (United Kingdom),AW00000430
Central (United States),AW00000431
Northeast (United States),AW00000432
Northwest (United States),AW00000433
Northwest (United States),AW00000434
Southwest (United States),AW00000435
Southwest (United States),AW00000436
Southwest (United States),AW00000437
Northwest (United States),AW00000438
Southwest (United States),AW00000439
Southeast (United States),AW00000440
Southeast (United States),AW00000441
Canada (Canada),AW00000442
Canada (Canada),AW00000443
Canada (Canada),AW00000444
France (France),AW00000445
Germany (Germany),AW00000446
Australia (Australia),AW00000447
United Kingdom (United Kingdom),AW00000448
Southeast (United States),AW00000449
Northeast (United States),AW00000450
Northwest (United States),AW00000451
Northwest (United States),AW00000452
Central (United States),AW00000453
Central (United States),AW00000454
Southwest (United States),AW00000455
Southwest (United States),AW00000456
Southwest (United States),AW00000457
Southeast (United States),AW00000458
Southeast (United States),AW00000459
Canada (Canada),AW00000460
Canada (Canada),AW00000461
Canada (Canada),AW00000462
France (France),AW00000463
Germany (Germany),AW00000464
Australia (Australia),AW00000465
United Kingdom (United Kingdom),AW00000466
Southeast (United States),AW00000467
Central (United States),AW00000468
Northwest (United States),AW00000469
Northwest (United States),AW00000470
Southwest (United States),AW00000471
Central (United States),AW00000472
Southwest (United States),AW00000473
Southwest (United States),AW00000474
Southwest (United States),AW00000475
Southeast (United States),AW00000476
Southeast (United States),AW00000477
Canada (Canada),AW00000478
Canada (Canada),AW00000479
Canada (Canada),AW00000480
France (France),AW00000481
Germany (Germany),AW00000482
Australia (Australia),AW00000483
United Kingdom (United Kingdom),AW00000484
Southeast (United States),AW00000485
Northeast (United States),AW00000486
Northwest (United States),AW00000487
Northwest (United States),AW00000488
Southwest (United States),AW00000489
Southwest (United States),AW00000490
Southwest (United States),AW00000491
Southwest (United States),AW00000492
Southwest (United States),AW00000493
Southeast (United States),AW00000494
Southeast (United States),AW00000495
Canada (Canada),AW00000496
Canada (Canada),AW00000497
Canada (Canada),AW00000498
France (France),AW00000499
Germany (Germany),AW00000500
